"Name","Height","Weight","BMI"
"Can Can",1.7,65,22.4913494809689
"Cem Cem",1.75,66,21.5510204081633
"Hande Hande",1.62,61,23.2434080170706
"Lale Lale",1.76,64,20.6611570247934
"Arda Arda",1.78,63,19.8838530488575
"Bilgin Bilgin",1.77,84,26.8122187110983
"Cem Cim",1.69,75,26.2595847484332
"Ozlem Ozlem",1.75,65,21.2244897959184
"Ali Ali",1.73,75,25.0593070266297
"Haluk Haluk",1.71,81,27.7008310249307
